{"88":"[5, 12, 11, 9, 14]","89":"[10, 6, 1, 7, 3]","90":"[2, 14, 12, 11, 6]","91":"[4, 7, 7, 7, 14]","92":"[13, 5, 3, 12, 8]","93":"[2, 6, 12, 13, 10]","94":"[10, 10, 1, 11, 12]","95":"[1, 2, 11, 6, 7]","96":"[11, 10, 11, 8, 9]","97":"[8, 12, 9, 9, 11]","person id":"courses id","10":"[10, 5, 8, 5, 6]","98":"[8, 12, 3, 5, 7]","11":"[12, 12, 8, 2, 10]","99":"[3, 7, 12, 6, 10]","12":"[12, 11, 2, 11, 6]","13":"[2, 9, 12, 1, 9]","14":"[4, 3, 11, 14, 14]","15":"[2, 7, 10, 10, 1]","16":"[3, 10, 13, 7, 13]","17":"[4, 5, 10, 9, 11]","18":"[13, 2, 10, 2, 6]","19":"[5, 7, 5, 4, 7]","0":"[10, 8, 11, 3, 3]","1":"[12, 10, 3, 7, 8]","2":"[2, 14, 10, 13, 13]","3":"[7, 12, 6, 12, 9]","4":"[1, 6, 10, 11, 5]","5":"[5, 9, 3, 1, 9]","6":"[4, 7, 8, 12, 3]","7":"[5, 9, 4, 2, 10]","8":"[14, 3, 9, 3, 5]","9":"[9, 2, 13, 5, 9]","20":"[9, 6, 11, 5, 10]","21":"[9, 4, 5, 3, 14]","22":"[5, 10, 11, 10, 5]","23":"[6, 3, 7, 3, 11]","24":"[6, 5, 9, 10, 14]","25":"[1, 6, 14, 8, 1]","26":"[2, 13, 13, 14, 13]","27":"[10, 5, 1, 11, 12]","28":"[1, 9, 6, 6, 4]","29":"[5, 1, 13, 6, 6]","30":"[11, 9, 5, 4, 14]","31":"[13, 5, 2, 2, 8]","32":"[1, 5, 3, 6, 12]","33":"[4, 1, 7, 9, 4]","34":"[11, 2, 3, 13, 10]","35":"[7, 1, 10, 1, 14]","36":"[14, 11, 9, 8, 11]","37":"[13, 2, 5, 5, 5]","38":"[1, 6, 5, 11, 3]","39":"[6, 11, 9, 9, 7]","40":"[6, 13, 6, 13, 6]","41":"[5, 4, 13, 6, 8]","42":"[5, 12, 11, 6, 1]","43":"[4, 2, 10, 12, 9]","44":"[14, 13, 5, 8, 6]","45":"[3, 4, 1, 9, 7]","46":"[9, 9, 9, 12, 1]","47":"[14, 11, 5, 9, 1]","48":"[10, 1, 4, 11, 4]","49":"[3, 13, 11, 6, 10]","50":"[14, 7, 9, 7, 6]","51":"[3, 12, 7, 12, 8]","52":"[10, 11, 9, 2, 9]","53":"[10, 11, 6, 5, 5]","54":"[3, 2, 13, 4, 4]","55":"[13, 1, 14, 9, 14]","56":"[14, 10, 8, 11, 12]","57":"[7, 14, 4, 7, 10]","58":"[2, 6, 7, 14, 10]","59":"[6, 11, 14, 1, 13]","60":"[13, 4, 3, 12, 14]","61":"[6, 13, 10, 5, 6]","62":"[8, 3, 1, 5, 7]","63":"[4, 2, 4, 10, 3]","64":"[10, 8, 13, 10, 13]","65":"[12, 10, 4, 7, 5]","66":"[6, 8, 5, 11, 2]","67":"[10, 3, 6, 1, 5]","68":"[4, 4, 12, 8, 6]","69":"[4, 10, 6, 8, 1]","70":"[9, 9, 9, 12, 2]","71":"[14, 1, 2, 8, 11]","72":"[8, 12, 3, 5, 9]","73":"[3, 5, 5, 3, 11]","74":"[8, 8, 5, 3, 3]","75":"[3, 10, 13, 7, 5]","76":"[12, 11, 14, 1, 4]","77":"[3, 8, 5, 14, 14]","78":"[8, 4, 2, 3, 12]","79":"[13, 7, 5, 1, 13]","100":"[12, 5, 2, 10, 14]","80":"[12, 3, 3, 14, 10]","81":"[8, 9, 5, 1, 13]","82":"[7, 9, 4, 3, 1]","83":"[10, 7, 12, 10, 2]","84":"[4, 10, 2, 9, 10]","85":"[8, 14, 11, 1, 1]","86":"[8, 3, 6, 11, 3]","87":"[1, 10, 14, 13, 13]"}
