{"88":{"courses":["2","9","1","12","3"]},"89":{"courses":["9","13","14","10","12"]},"90":{"courses":["8","5","1","10","3"]},"91":{"courses":["8","6","8","3","9"]},"92":{"courses":["1","6","2","6","13"]},"93":{"courses":["8","1","2","9","13"]},"94":{"courses":["14","11","14","11","2"]},"95":{"courses":["12","12","7","6","12"]},"96":{"courses":["10","5","5","5","6"]},"97":{"courses":["8","14","14","9","2"]},"10":{"courses":["7","14","6","8","7"]},"98":{"courses":["2","6","3","5","8"]},"11":{"courses":["1","2","8","10","12"]},"99":{"courses":["5","13","10","9","14"]},"12":{"courses":["13","12","5","4","14"]},"13":{"courses":["6","13","14","1","12"]},"14":{"courses":["2","13","5","4","11"]},"15":{"courses":["11","13","1","11","11"]},"16":{"courses":["6","2","6","10","2"]},"17":{"courses":["4","1","3","14","8"]},"18":{"courses":["5","3","9","14","13"]},"19":{"courses":["10","7","5","13","13"]},"1":{"courses":["12","1","6","10","12"]},"2":{"courses":["2","10","7","14","9"]},"3":{"courses":["10","6","1","14","4"]},"4":{"courses":["5","6","4","7","3"]},"5":{"courses":["11","2","10","10","7"]},"6":{"courses":["11","10","13","10","10"]},"7":{"courses":["2","12","7","12","11"]},"8":{"courses":["6","8","2","14","13"]},"9":{"courses":["12","12","3","8","14"]},"20":{"courses":["4","6","5","2","11"]},"21":{"courses":["2","4","11","6","2"]},"22":{"courses":["3","8","10","9","12"]},"23":{"courses":["5","10","9","11","9"]},"24":{"courses":["10","5","11","12","10"]},"25":{"courses":["9","2","7","14","11"]},"26":{"courses":["10","9","10","6","10"]},"27":{"courses":["14","10","9","5","4"]},"28":{"courses":["14","3","8","3","4"]},"29":{"courses":["3","14","6","14","5"]},"30":{"courses":["12","4","14","12","12"]},"31":{"courses":["3","14","4","1","8"]},"32":{"courses":["10","11","6","14","3"]},"33":{"courses":["4","13","6","3","11"]},"34":{"courses":["6","9","12","6","4"]},"35":{"courses":["13","8","4","1","8"]},"36":{"courses":["1","3","6","11","8"]},"37":{"courses":["7","14","6","11","12"]},"38":{"courses":["5","1","3","11","8"]},"39":{"courses":["12","1","2","5","14"]},"40":{"courses":["7","5","4","7","3"]},"41":{"courses":["4","2","5","6","12"]},"42":{"courses":["12","10","6","7","10"]},"43":{"courses":["8","10","4","11","11"]},"44":{"courses":["1","12","5","1","11"]},"45":{"courses":["3","1","1","5","6"]},"46":{"courses":["7","2","5","9","1"]},"47":{"courses":["12","9","11","3","8"]},"48":{"courses":["14","7","8","2","13"]},"49":{"courses":["7","5","1","8","6"]},"50":{"courses":["8","6","14","5","11"]},"51":{"courses":["9","2","14","1","6"]},"52":{"courses":["4","4","1","7","3"]},"53":{"courses":["7","2","13","5","9"]},"54":{"courses":["10","1","3","5","4"]},"55":{"courses":["12","6","3","14","3"]},"56":{"courses":["8","2","5","13","6"]},"57":{"courses":["4","10","11","3","7"]},"58":{"courses":["2","9","6","9","3"]},"59":{"courses":["3","6","14","7","9"]},"60":{"courses":["14","2","8","1","4"]},"61":{"courses":["11","8","4","3","1"]},"62":{"courses":["8","10","8","5","5"]},"63":{"courses":["10","14","5","10","7"]},"64":{"courses":["1","10","6","13","7"]},"65":{"courses":["12","3","10","6","8"]},"66":{"courses":["14","7","11","12","8"]},"67":{"courses":["12","13","5","1","4"]},"68":{"courses":["6","5","12","10","8"]},"69":{"courses":["5","2","1","9","2"]},"70":{"courses":["6","1","1","11","14"]},"71":{"courses":["2","4","1","4","13"]},"72":{"courses":["13","2","9","6","8"]},"73":{"courses":["14","10","1","8","2"]},"74":{"courses":["5","14","5","12","4"]},"75":{"courses":["14","13","11","13","14"]},"76":{"courses":["7","13","2","14","13"]},"77":{"courses":["13","13","8","4","13"]},"78":{"courses":["4","7","1","7","1"]},"79":{"courses":["2","14","6","4","2"]},"100":{"courses":["11","5","8","8","11"]},"80":{"courses":["14","6","2","5","8"]},"81":{"courses":["2","13","4","13","9"]},"82":{"courses":["11","10","7","7","8"]},"83":{"courses":["2","1","3","12","5"]},"84":{"courses":["14","1","12","2","9"]},"85":{"courses":["9","11","1","11","4"]},"86":{"courses":["8","11","5","4","2"]},"87":{"courses":["5","7","8","14","6"]}}
