{"null":{"courses":[4,8,1,13,7]},"88":{"courses":[13,14,8,1,7]},"89":{"courses":[12,1,2,10,13]},"90":{"courses":[2,11,13,5,1]},"91":{"courses":[14,7,4,6,9]},"92":{"courses":[3,9,6,5,10]},"93":{"courses":[4,5,13,12,1]},"94":{"courses":[11,13,14,2,3]},"95":{"courses":[14,2,3,11,13]},"96":{"courses":[5,8,4,2,9]},"97":{"courses":[10,6,7,1,14]},"10":{"courses":[6,3,4,14,1]},"98":{"courses":[5,6,3,4,2]},"11":{"courses":[6,8,13,14,9]},"99":{"courses":[7,3,14,12,10]},"12":{"courses":[5,11,3,7,14]},"13":{"courses":[13,14,4,2,1]},"14":{"courses":[3,7,13,10,5]},"15":{"courses":[6,3,11,4,9]},"16":{"courses":[4,3,10,6,12]},"17":{"courses":[12,13,4,5,10]},"18":{"courses":[3,13,11,1,7]},"19":{"courses":[10,11,3,5,7]},"1":{"courses":[12,2,7,1,3]},"2":{"courses":[11,1,4,5,6]},"3":{"courses":[10,11,14,4,9]},"4":{"courses":[9,3,8,7,5]},"5":{"courses":[12,7,5,6,14]},"6":{"courses":[10,6,13,14,2]},"7":{"courses":[11,4,10,8,1]},"8":{"courses":[9,11,1,5,3]},"9":{"courses":[3,8,10,13,4]},"20":{"courses":[1,14,9,3,6]},"21":{"courses":[9,2,1,6,13]},"22":{"courses":[2,6,11,5,10]},"23":{"courses":[9,13,3,4,7]},"24":{"courses":[6,2,12,7,11]},"25":{"courses":[8,5,7,12,6]},"26":{"courses":[9,12,11,4,7]},"27":{"courses":[7,12,5,4,10]},"28":{"courses":[11,5,14,10,2]},"29":{"courses":[8,12,6,13,11]},"30":{"courses":[8,3,5,10,2]},"31":{"courses":[5,13,1,6,4]},"32":{"courses":[3,13,5,2,10]},"33":{"courses":[13,12,5,4,9]},"34":{"courses":[7,2,11,8,4]},"35":{"courses":[3,8,10,14,13]},"36":{"courses":[13,7,4,3,9]},"37":{"courses":[1,7,9,5,12]},"38":{"courses":[2,7,14,13,5]},"39":{"courses":[8,13,14,10,11]},"40":{"courses":[10,11,7,13,12]},"41":{"courses":[6,12,1,10,13]},"42":{"courses":[2,7,13,14,10]},"43":{"courses":[10,13,14,12,1]},"44":{"courses":[2,3,1,5,12]},"45":{"courses":[4,14,1,8,9]},"46":{"courses":[9,1,6,12,7]},"47":{"courses":[13,6,5,14,2]},"48":{"courses":[13,8,5,2,14]},"49":{"courses":[14,6,8,3,5]},"50":{"courses":[8,2,13,4,10]},"51":{"courses":[6,12,1,5,3]},"52":{"courses":[7,14,13,12,1]},"53":{"courses":[3,1,7,10,4]},"54":{"courses":[3,5,9,8,6]},"55":{"courses":[1,5,14,6,4]},"56":{"courses":[7,11,2,9,4]},"57":{"courses":[12,3,7,13,6]},"58":{"courses":[11,8,13,5,14]},"59":{"courses":[1,6,9,2,14]},"60":{"courses":[4,12,1,3,14]},"61":{"courses":[14,10,7,5,9]},"62":{"courses":[14,3,10,12,5]},"63":{"courses":[13,6,1,14,12]},"64":{"courses":[5,8,3,6,10]},"65":{"courses":[8,13,14,6,11]},"66":{"courses":[13,6,7,9,5]},"67":{"courses":[11,7,6,4,8]},"68":{"courses":[1,14,7,8,5]},"69":{"courses":[11,13,3,6,8]},"70":{"courses":[2,3,1,9,12]},"71":{"courses":[6,3,2,11,13]},"72":{"courses":[14,13,4,3,12]},"73":{"courses":[1,7,12,8,10]},"74":{"courses":[5,9,14,7,8]},"75":{"courses":[9,6,11,14,5]},"76":{"courses":[11,5,10,2,14]},"77":{"courses":[6,9,5,7,1]},"78":{"courses":[12,11,14,10,7]},"79":{"courses":[1,10,2,7,6]},"80":{"courses":[11,1,8,7,6]},"81":{"courses":[10,4,7,6,12]},"82":{"courses":[12,10,6,4,13]},"83":{"courses":[11,5,1,7,13]},"84":{"courses":[1,14,6,7,9]},"85":{"courses":[3,7,9,5,11]},"86":{"courses":[4,11,2,3,12]},"87":{"courses":[10,8,9,5,12]}}
