{"88":{"courses":["4","12","10","13","3"]},"89":{"courses":["7","13","8","2","11"]},"90":{"courses":["6","12","9","4","1"]},"91":{"courses":["1","3","12","14","3"]},"92":{"courses":["6","5","10","14","10"]},"93":{"courses":["6","13","1","8","5"]},"94":{"courses":["1","14","12","6","4"]},"95":{"courses":["8","10","9","9","5"]},"96":{"courses":["12","11","14","5","7"]},"97":{"courses":["8","5","3","9","8"]},"person id":"courses id","10":{"courses":["7","8","2","1","11"]},"98":{"courses":["14","11","6","5","3"]},"11":{"courses":["4","13","5","14","12"]},"99":{"courses":["3","11","1","9","7"]},"12":{"courses":["7","8","12","14","14"]},"13":{"courses":["7","14","3","10","11"]},"14":{"courses":["8","5","4","4","9"]},"15":{"courses":["7","11","2","7","10"]},"16":{"courses":["8","7","6","13","6"]},"17":{"courses":["4","6","12","14","7"]},"18":{"courses":["1","10","2","11","13"]},"19":{"courses":["14","7","7","2","13"]},"1":{"courses":["7","7","13","13","5"]},"2":{"courses":["13","3","8","12","11"]},"3":{"courses":["8","6","1","7","8"]},"4":{"courses":["9","6","10","12","5"]},"5":{"courses":["2","7","2","8","6"]},"6":{"courses":["11","6","7","7","10"]},"7":{"courses":["2","14","3","6","7"]},"8":{"courses":["6","2","10","3","2"]},"9":{"courses":["6","2","7","6","2"]},"20":{"courses":["7","3","3","5","14"]},"21":{"courses":["10","10","2","4","7"]},"22":{"courses":["6","6","3","6","9"]},"23":{"courses":["11","7","11","2","13"]},"24":{"courses":["13","9","9","14","1"]},"25":{"courses":["12","6","2","4","1"]},"26":{"courses":["8","2","3","11","8"]},"27":{"courses":["6","3","3","8","13"]},"28":{"courses":["3","3","13","8","11"]},"29":{"courses":["8","2","2","10","3"]},"30":{"courses":["10","11","10","1","6"]},"31":{"courses":["13","13","13","4","13"]},"32":{"courses":["10","8","14","9","14"]},"33":{"courses":["8","2","3","6","4"]},"34":{"courses":["5","6","6","6","7"]},"35":{"courses":["9","10","10","2","6"]},"36":{"courses":["1","12","2","6","2"]},"37":{"courses":["12","7","1","9","9"]},"38":{"courses":["2","3","2","10","3"]},"39":{"courses":["6","1","10","9","2"]},"40":{"courses":["1","14","7","6","8"]},"41":{"courses":["7","2","5","5","11"]},"42":{"courses":["2","2","10","4","13"]},"43":{"courses":["7","12","13","13","3"]},"44":{"courses":["3","11","7","9","5"]},"45":{"courses":["3","12","5","13","8"]},"46":{"courses":["4","2","2","12","6"]},"47":{"courses":["12","6","2","2","6"]},"48":{"courses":["2","11","9","11","1"]},"49":{"courses":["4","5","5","13","8"]},"50":{"courses":["2","10","8","5","8"]},"51":{"courses":["9","1","4","3","9"]},"52":{"courses":["1","7","2","3","11"]},"53":{"courses":["13","12","11","4","4"]},"54":{"courses":["1","9","13","12","10"]},"55":{"courses":["2","6","9","2","11"]},"56":{"courses":["6","9","10","5","3"]},"57":{"courses":["5","2","12","12","11"]},"58":{"courses":["3","9","12","7","6"]},"59":{"courses":["14","9","4","12","7"]},"60":{"courses":["14","10","13","11","2"]},"61":{"courses":["1","13","6","8","4"]},"62":{"courses":["4","8","2","1","10"]},"63":{"courses":["12","10","11","7","4"]},"64":{"courses":["14","14","5","10","8"]},"65":{"courses":["13","4","9","8","12"]},"66":{"courses":["7","5","10","13","12"]},"67":{"courses":["10","4","13","12","14"]},"68":{"courses":["8","10","7","7","11"]},"69":{"courses":["12","11","14","1","7"]},"70":{"courses":["4","9","8","14","1"]},"71":{"courses":["4","13","8","6","10"]},"72":{"courses":["9","14","1","1","4"]},"73":{"courses":["12","8","14","8","8"]},"74":{"courses":["12","13","1","13","12"]},"75":{"courses":["12","4","5","14","13"]},"76":{"courses":["12","1","1","5","4"]},"77":{"courses":["2","1","12","10","9"]},"78":{"courses":["2","7","10","2","7"]},"79":{"courses":["2","1","10","4","13"]},"100":{"courses":["13","7","4","6","3"]},"80":{"courses":["5","2","6","7","1"]},"81":{"courses":["8","2","4","8","8"]},"82":{"courses":["8","9","9","8","9"]},"83":{"courses":["12","12","5","8","7"]},"84":{"courses":["11","9","13","5","8"]},"85":{"courses":["1","9","9","14","10"]},"86":{"courses":["5","6","11","7","7"]},"87":{"courses":["14","12","8","10","10"]}}
