{"null":{"courses":[10,4,8,3,12]},"88":{"courses":[8,7,4,13,2]},"89":{"courses":[13,5,4,6,14]},"90":{"courses":[7,12,3,1,8]},"91":{"courses":[10,2,5,8,6]},"92":{"courses":[12,4,7,14,7]},"93":{"courses":[4,5,8,1,12]},"94":{"courses":[14,12,13,10,7]},"95":{"courses":[14,6,5,10,2]},"96":{"courses":[12,4,10,7,3]},"97":{"courses":[9,3,6,5,7]},"10":{"courses":[10,11,1,7,2]},"98":{"courses":[8,11,4,5,13]},"11":{"courses":[2,10,5,9,7]},"99":{"courses":[2,14,8,12,10]},"12":{"courses":[13,12,10,14,7]},"13":{"courses":[5,9,6,13,3]},"14":{"courses":[1,13,14,3,5]},"15":{"courses":[7,14,1,5,6]},"16":{"courses":[7,11,4,8,9]},"17":{"courses":[5,14,4,9,10]},"18":{"courses":[5,4,10,2,7]},"19":{"courses":[5,11,14,6,1]},"1":{"courses":[6,11,4,8,13]},"2":{"courses":[6,12,1,14,9]},"3":{"courses":[14,2,3,11,6]},"4":{"courses":[10,12,2,1,3]},"5":{"courses":[5,14,6,11,13]},"6":{"courses":[1,7,11,4,14]},"7":{"courses":[14,5,6,11,2]},"8":{"courses":[3,6,1,8,12]},"9":{"courses":[12,8,4,14,7]},"20":{"courses":[10,6,2,3,12]},"21":{"courses":[3,12,7,2,14]},"22":{"courses":[10,6,7,4,9]},"23":{"courses":[3,9,8,1,7]},"24":{"courses":[2,3,9,8,4]},"25":{"courses":[14,8,12,2,11]},"26":{"courses":[2,14,13,12,7]},"27":{"courses":[13,4,12,8,3]},"28":{"courses":[4,14,11,6,7]},"29":{"courses":[4,12,9,3,1]},"30":{"courses":[7,3,1,8,13]},"31":{"courses":[6,1,9,14,4]},"32":{"courses":[10,7,13,8,5]},"33":{"courses":[12,6,4,11,3]},"34":{"courses":[13,5,14,6,10]},"35":{"courses":[10,11,13,7,8]},"36":{"courses":[3,4,10,13,7]},"37":{"courses":[2,9,5,4,3]},"38":{"courses":[13,12,3,6,1]},"39":{"courses":[12,10,6,14,5]},"40":{"courses":[10,11,14,3,7]},"41":{"courses":[6,12,5,8,11]},"42":{"courses":[13,9,2,12,7]},"43":{"courses":[6,1,13,11,9]},"44":{"courses":[9,13,2,12,7]},"45":{"courses":[9,7,13,8,14]},"46":{"courses":[4,11,9,13,5]},"47":{"courses":[8,14,13,9,1]},"48":{"courses":[4,8,11,10,13]},"49":{"courses":[12,14,8,4,1]},"50":{"courses":[11,6,7,4,9]},"51":{"courses":[4,10,8,5,11]},"52":{"courses":[1,13,4,10,8]},"53":{"courses":[6,14,11,2,12]},"54":{"courses":[3,11,8,5,12]},"55":{"courses":[7,12,13,10,4]},"56":{"courses":[5,11,8,2,10]},"57":{"courses":[12,8,4,7,11]},"58":{"courses":[9,7,11,4,10]},"59":{"courses":[14,2,3,8,4]},"60":{"courses":[5,14,6,11,8]},"61":{"courses":[14,10,2,5,3]},"62":{"courses":[1,13,9,12,4]},"63":{"courses":[6,9,12,13,1]},"64":{"courses":[14,10,7,8,6]},"65":{"courses":[12,13,8,9,10]},"66":{"courses":[8,10,5,13,14]},"67":{"courses":[11,3,1,7,10]},"68":{"courses":[10,14,5,3,7]},"69":{"courses":[5,13,7,2,12]},"70":{"courses":[13,7,10,11,4]},"71":{"courses":[6,5,7,13,12]},"72":{"courses":[11,10,14,2,9]},"73":{"courses":[4,12,5,7,2]},"74":{"courses":[5,2,8,3,13]},"75":{"courses":[1,11,8,3,13]},"76":{"courses":[7,3,1,12,9]},"77":{"courses":[12,11,4,8,1]},"78":{"courses":[14,8,10,3,5]},"79":{"courses":[9,8,3,7,6]},"80":{"courses":[4,13,7,10,2]},"81":{"courses":[11,3,6,13,4]},"82":{"courses":[13,3,14,2,10]},"83":{"courses":[7,8,14,12,1]},"84":{"courses":[13,6,14,10,3]},"85":{"courses":[7,8,2,13,9]},"86":{"courses":[1,13,5,2,6]},"87":{"courses":[11,1,2,10,7]}}
